hashtag,degree
coronavirus,1751
covid19,584
covid,228
china,196
covid_19,159
covidー19,154
coronavirusoutbreak,133
covid2019,114
corona,105
wuhan,102
pandemic,95
coronavirusupdate,92
coronaviruspandemic,65
stayhome,63
wuhancoronavirus,56
italy,51
japan,48
lockdown,47
trump,46
coronaoutbreak,45
iran,45
socialdistancing,45
quarantine,44
hongkong,44
coronaviruschina,43
usa,43
coronavirusupdates,43
coronavirusindia,42
chinavirus,41
ccp,41
india,38
sarscov2,37
us,37
health,36
wuhanvirus,36
stayathome,36
2019ncov,34
nyc,34
thursdaymotivation,33
economy,31
turkey,31
climatechange,31
coronaviruschallenge,31
australia,30
california,30
supplychain,29
thailand,29
thursdaythoughts,29
uk,28
cdc,27
medical,26
โควิด19,26
quarantinelife,26
coronaviruslockdown,26
flu,25
武汉肺炎,24
georgia,24
hawaii,24
trumpvirus,24
healthtech,24
veterans,23
technology,23
stayhomesavelives,23
wuhanoutbreak,22
russia,22
survivor,22
southcarolina,22
minnesota,22
climatejustice,22
nevadacaucuses,22
farmersfirst,22
womenfirst,22
worldnews,22
meganandharry,22
damonjohn,22
politics,22
freedom2020,22
realangel,22
peace,22
mtv,22
hollywood,22
win,22
honesty,22
rossevelt,22
history,22
outbreak,22
singapore,22
texas,22
florida,22
chicago,22
covid19india,22
virus,21
tech,21
communism,21
ai,21
coronaalert,21
quarantineandchill,21
healthcare,20
新冠肺炎,20
indonesia,20
coronavirususa,20
staysafe,20
stayhealthy,20
chinese,19
coronavirusus,19
uyghur,19
trumpdemic,19
stayathomechallenge,19
stayhomestaysafe,19
lockdown21,19
diamondprincess,18
chinacoronavirus,18
新冠病毒,18
coronavirusfacts,18
worldhealthorganization,18
southkorea,18
prc,17
europe,17
coronavirius,17
ไวรัสโคโรนา,17
โคโรนาไวรัส,17
seattle,17
chinesevirus,17
coronalockdown,17
chine,16
school,16
ไวรัสโคโรน่า,16
breaking_news,16
media,16
law,16
government,16
democracy,16
republicans,16
libertarians,16
wuhanoutbreak2019,16
censorship,16
offthegrid,16
patriots,16
pandemia,16
wuhancoronavius,16
modi,16
syria,16
kremlin,16
putin,16
isis,16
globalpandemia,16
worldwar,16
covid19us,16
lockdownnow,16
friends,16
orgy,16
porn,16
sex,16
xxx,16
fuck,16
tattooedwomen,16
boobs,16
cnc,16
humpday,16
humiliation,16
pornhub,16
publichealth,15
breaking,15
coronaviruswuhan,15
covid19usa,15
covidｰ19,15
wuhanlockdown,15
wuhanmarket,15
chinaeconomy,15
chinaroadblocks,15
beijing,15
gold,15
coronavirusuk,15
covid19uk,15
ncov19,15
nigeria,15
microsoft,15
news,15
washyourhands,15
wash,15
coronapocalypse,15
hubei,14
sars,14
2019_ncov,14
opsanaanimam,14
supplychains,14
vancouver,14
ไวรัสโคโรนาสายพันธุ์ใหม่2019,14
chenqiushi,14
fangbin,14
coronavirustruth,14
nspoli,14
covid19canada,14
coronavirusfrance,14
survival,14
medtwitter,14
southafrica,14
vinvi,14
vinvicorp,14
steel,14
tatasteel,14
steelmaking,14
brazil,14
globaltrend,14
gst,14
coronavirusny,14
stopthespread,14
maralago,14
houseofdouche,14
steamingpileoftrump,14
pencewillprayawaythecoronavirus,14
marketcrash,14
worstpresidentever,14
lockhimup,14
resist,14
resistance,14
veteransresist,14
alllivesmatter,14
metoo,14
podernfamily,14
malliard,14
wisconsin,14
dadlife,14
momlife,14
qaurantinelife,14
parenting,14
urbanexploring,14
drones,14
minimalism,14
frugal,14
paranormal,14
k12,14
socialdistance,14
citihub,14
hotelmurah,14
hotel,14
budget,14
promo,14
dirumahsaja,14
dirumahaja,14
kuliner,14
citihubhotels,14
caferesto,14
cafe,14
berlin,14
curfew,14
staythefuckathome,14
berlinstreets,14
bw,14
sw,14
blackandwhitephotography,14
food,13
novelcoronavirus,13
asean,13
apple,13
stockmarket,13
iphone,13
markets,13
who,13
canpoli,13
hrm,13
halifax,13
covid19italia,13
canada,13
hyderabad,13
indiafightscorona,13
covid_19sa,13
christian,13
clapfornhs,13
武漢肺炎,12
carrielam,12
anonymous,12
shanghai,12
healing,12
coronoavirusoutbreak,12
coronaviruesue,12
coronavavirus,12
skynews,12
bbcnews,12
onpoli,12
coronavirusitalia,12
coronavid19,12
milan,12
amazon,12
uighur,12
spain,12
fightcovid19,12
lockdownuk,12
coronaviruske,12
clapforourcarers,12
kashmir,12
disaster,12
ncov2019,11
coronaviruses,11
france,11
全民反抗,11
全民自救,11
全民互救,11
少年译制,11
communist,11
edtech,11
ccpchina,11
coronaviruscanada,11
thursdaymorning,11
fakenews,11
sarscov19,11
topoli,11
italycoronavirus,11
nhs,11
viruscorona,11
flattenthecurve,11
bitcoin,11
btc,11
love,11
paolajara,11
whatsapp,11
oprahwinfrey,11
duqueinepto,11
estadodeemergencia,11
cosmos,11
aviso,11
avianca,11
elchisteestrabajar,11
vanessahudgens,11
pressbriefing,11
janatacurfew,11
gopslushfund,11
animalcrossing,11
covıd19,11
arduino,11
davidpraisekalu,11
iiot,11
electronics,11
conoraviurs,11
automation,11
arduinoproject,11
coronavillains,11
sandfdeployment,11
emergency,11
tacsthailand,11
stevekthailand,11
camping,11
bushcraft,11
prepping,11
beprepared,11
preparedness,11
prepare,11
dieoff,10
economics,10
shipping,10
rewards,10
elearning,10
edapp,10
education,10
university,10
digitaleducation,10
funlearning,10
learnwithtermmate,10
blockchain,10
baaghi3,10
guangzhou,10
coronavírus,10
listen,10
emnelsonministries,10
helpinghealhurtinghumanity,10
wednesdaymotivation,10
deliverance,10
scriptures,10
healingscriptures,10
youcanbehealed,10
havefaithingod,10
marketing,10
algeria,10
dog,10
testedpositive,10
pomeranian,10
canine,10
weaklevel,10
coronavirusinnigeria,10
maga,10
containmentclaims,10
obviouslypremature,10
expectingapandemic,10
tuesdaythoughts,10
tuesdayreview,10
tuesdaymorning,10
tuesdayread,10
tuesdaytruth,10
trisha,10
trishakrishnan,10
southqueen,10
coronareachesdelhi,10
coronavirustelangana,10
fridaythoughts,10
stateofemergency,10
hands,10
handshakes,10
highfive,10
namaste,10
epsi,10
epsiindia,10
anjalimudra,10
justsaynamaste,10
trx,10
giveaway,10
coronavirusidinaxren,10
crypto,10
cryptocurrency,10
eth,10
cvid19,10
neighbors,10
kindness,10
kindnessmatters,10
murfreesboro,10
nashville,10
tennesse,10
trumpliesamericansdie,10
bailoutpeoplenotcorporations,10
batflu,10
wednesdaywisdom,10
christianity,10
spiritual,10
apologetics,10
cambodia,9
hongkongprotests,9
standwithhongkong,9
武漢,9
taiwan,9
pneumonia,9
westerdam,9
auspol,9
tuesday,9
sales,9
foxnews,9
published,9
thekathmandupost,9
thekoreaherald,9
secrecy,9
nato,9
threats,9
mao,9
ข่าวด่วน,9
suho_is_coming,9
jungkook,9
mewgulf,9
linenexplosion2020,9
เพื่อเฌอและเฌอเท่านั้น,9
ตลาดนัดพิมรภัส,9
linetvawards2020,9
코로나19,9
ไวรัสอู่ฮั่น,9
ไวรัสโคโรน่าสายพันธุ์ใหม่2019,9
tnn,9
tnnthailand,9
tnnช่อง16,9
morningjoe,9
covd19,9
coronavirusnigeria,9
chinazi,9
lizehua,9
李泽华,9
陳秋實,9
陈秋实,9
方斌,9
โคโรน่าไวรัส,9
ไม่เอาเพนกวิ้นปราศรัย,9
ธรรมศาสตร์และการชุมนุม,9
ช่วยอนคตั้งชื่อพรรค,9
ช่วยอนคตั้งชื่อพรรคใหม่,9
ไม่เอาเผด็จการ,9
coronavirusiran,9
irancovidtruth,9
insidetechworld,9
racist,9
salmankhan,9
morocco,9
ufc248,9
joannajedrzejczyk,9
zhangweili,9
zhangvsjoanna,9
wmma,9
mma,9
bully,9
macron20h,9
interventionmacron,9
macron,9
italylockdown,9
jesus,9
nstnation,9
movementcontrolorder,9
mco,9
staysafestayhome,9
mothersday,9
coronaupdatesinindia,9
covididiots,9
meme,9
memes,9
poopchallenge,9
โควิด,9
โควิดเราต้องรอด,9
โควิด19เราต้องรอด,9
clapforcarers,9
machinelearning,9
deeplearning,9
techforgood,9
datascience,9
privacy,9
chinesevirus19,9
indiadeservesbetter,9
coronavirussouthafrica,9
lockdownsa,9
locksouthafricadown,9
salockdown,9
donaltrump,9
coronausa,9
reuters,9
miners,9
covidasm,9
artisanal,9
mining,9
medicalanimation,9
intimeofcorona,9
illustration,9
asalucander,9
isolation,9
coronalockdownindia,9
trumppressbriefing,9
wuhancoronavirusoutbreak,8
god,8
xijinping,8
factsnotfiction,8
wuflu,8
prayingforryan,8
chemun,8
รัฐบาลเฮ็งซวย,8
dayton500,8
happybirthdayjhope,8
kissesdelavin,8
pm,8
hunsen,8
phnompenh,8
mers,8
shenzhen,8
wenzhou,8
facebook,8
thx131,8
기부,8
선한영향력,8
thx쌍방울,8
still여전해,8
protect_131fan,8
지켜줄게_131팬,8
autarky,8
vietnam,8
ccp_is_terrorist,8
ccp_is_nazi,8
lyon,8
climatecrisis,8
cnbc,8
cnn,8
maddow,8
lastword,8
bloomberg,8
pencedemic,8
telangana,8
tollywood,8
prabhas,8
airport,8
trumpviruscoverup,8
eid2020,8
radhemay22,8
radheeid2020,8
eidradheki,8
radheyourmostwantedbhai,8
radhe,8
curbyourenthusiasm,8
fail,8
koronawirus,8
korona,8
coronavirusspread,8
interesting,8
viral,8
save,8
coronarvirusitalia,8
handwashchallenge,8
ubi,8
ubistimulus,8
nomeanstesting,8
drfauci,8
coronacrisis,8
lockeddown,8
lockedin,8
lockedinsyndrome,8
stroke,8
braininjury,8
paralysis,8
recovery,8
inspirational,8
janatacurfewmarch22,8
richmondpark,8
coronacrisisuk,8
lockdownuknow,8
covidiot,8
covid19outbreak,8
السعودية,8
chinaliedpeopledied,8
chinaisavirus,8
boston,8
ccpvirus,8
g20,8
etette,8
nodmslide,8
ochbeatz,8
vibes,8
ideas,8
stayalive,8
okulajaentertainment,8
trumpownseverydeath,8
covididiot,8
coronapandemic,8
masques,8
guinée,8
conakry,8
madeinguinea,8
team224,8
224infos,8
guinee,8
kibaro,8
oneworldgovernment,7
nwo,7
corronavirusus,7
americans,7
hkpolicebrutality,7
death,7
daytona500,7
dawkins,7
youcantellalotaboutaperson,7
crimesagainsthumanity,7
crimesagainstchildren,7
usdjpy,7
pboc,7
israel,7
laos,7
vientiane,7
visitourwebsite,7
wattay,7
humiliating,7
women,7
female,7
findfangbin,7
findqiushi,7
appelurgentacat,7
hightowerstl,7
hightower,7
wellthrebalanced,7
emergingmarkets,7
msci,7
iphone12,7
timcook,7
fintechcryptonews,7
healthandsafety,7
carbonfootprint,7
climateemergency,7
globalwarming,7
africa,7
senegal,7
wa,7
kingcounty,7
ny,7
besafe,7
besmart,7
bekind,7
indiapictures,7
closetheschools,7
donaldtrump,7
nationalemergency,7
barcelona,7
flight,7
business,7
jfk,7
americanairlines,7
news247plus,7
allahabadhighcourt,7
allahabadnews,7
cornovirus,7
upnewsinhindi,7
uppolice,7
yogiadityanath,7
dudukrumah,7
juststayathome,7
crisisactors,7
cough19,7
economycrisis,7
economycrash,7
commoncoldcrasheseconomy,7
seha,7
inabudhabi,7
stopthecurve,7
لا_تشلون_هم,7
ملتزمون_يا_وطن,7
homequarantine,7
turks,7
mulikacorona,7
coronaviruskenya,7
guangdong,7
humanity,7
thankyounhs,7
xijinpingvirus,7
chinesewuhanvirus,7
wuhanhealthorganisation,7
kashmirnews,7
kashmircovid19,7
homeschool,7
lightsaber,7
fun,7
play,7
caseysthoughts,7
me,7
instagood,7
instadaily,7
instagram,7
followme,7
likeme,7
tiktok,6
hongkongpolice,6
magnitskyact,6
paris,6
新型コロナウイルス,6
communismkills,6
ncp,6
tbt,6
ไวรัสโคโรน่าสายพันธุ์ใหม่,6
กรุงเทพธุรกิจ,6
กรุงเทพธุรกิจออนไลน์,6
cheddar,6
retailtech,6
eshop,6
ehealth,6
coronavirusenfrance,6
veran,6
reformeretraites,6
lyonjuve,6
covid19italy,6
防疫工作,6
hgv,6
pcv,6
weknowtransportbackwards,6
employmentlaw,6
contractlaw,6
breachofcontract,6
oregon,6
โควิท19,6
delhi,6
gretathunberg,6
greta,6
jimbakker,6
lisalandau,6
mog,6
bluewave2020,6
christians,6
oilprice,6
oil,6
ksa,6
presidenttrump,6
miami,6
sportsaustralia,6
sportsrorts,6
mancity,6
arsenal,6
olympiacos,6
mciars,6
cornoravirusuk,6
coronovirusuk,6
cold,6
κορωναιος,6
canceleverything,6
iranian,6
stayhomechallenge,6
shelterinplace,6
mybslchurch,6
mybeautifulsaviorchurch,6
mybeautifulsaviorschool,6
nofear,6
smoothie,6
breakfast,6
flatteningthecurve,6
fruit,6
togetherwecan,6
handhygiene,6
jantacurfew,6
coronastopkarona,6
coronavirusinindia,6
novascotia,6
coronavirusmassachusetts,6
independent,6
artist,6
radio,6
solidarityat8,6
playlist,6
catalyzechange,6
catalystmiami,6
selfquarantine,6
isolationlife,6
pets,6
dogs,6
dogsoftwitter,6
doglostuk,6
hospital,6
home,6
staff,6
zoonegara,6
donations,6
digitally,6
conoravirusoutbreak,6
westandwithyou,6
youtube,6
brussels,6
adhan,6
islam,6
belgium,6
lockdownindia,6
biafraland,6
selfdetermination,6
biafraexit,6
freebiafra,6
biafra,6
istandwithyuvi,6
proudofyuvibhajji,6
yuvraj,6
jammuandkashmir,6
jammu,6
talsagharreybehew,6
polish,6
scientists,6
kraków,6
poland,6
fightagainstcoronavirus,6
onlinelearning,6
teachersareheroes,6
abed,6
ableg,6
germany,6
pl,6
oscars,5
littlewomen,5
saoirseronan,5
timotheechalamet,5
valentinesday,5
animalcruelty,5
習近平,5
武漢肺炎疫情,5
coronathreat,5
day11,5
hangintherediamondprincess,5
quarantined,5
sars_cov_2,5
couteau,5
gamma,5
rip,5
cdnpoli,5
ncov,5
ebola,5
revenue,5
production,5
stockmarkets,5
strike,5
closure,5
sandiego,5
lka,5
srilanka,5
pavithra,5
genelecsl,5
coronavirusaustralia,5
vaccine,5
possibility,5
xinjiang,5
justtheflu,5
武汉,5
unicef,5
bbchausa,5
egypt,5
lagos,5
yourviewtvc,5
coronavirussa,5
koin6news,5
pdx,5
api,5
active,5
ministry,5
paracetamol,5
marchsat,5
satmarch,5
satthailand,5
savesat,5
google,5
twitter,5
seattlecovid19,5
argentina,5
dems,5
impeach,5
trishregan,5
cuny,5
suny,5
michigan,5
distancelearning,5
siena,5
breathe,5
m4a,5
berniecanwin,5
forzaitalia,5
roma,5
flashmob,5
live,5
fairnessfirst,5
bookmarks,5
biztakeouts,5
frontrow,5
5demandsnot1less,5
nih,5
yomequedoencasa,5
cuarentenaobligatoria,5
buenosaires,5
coronavirusoutbreakindia,5
navyreadiness,5
navycapability,5
usnavy,5
usnsmercy,5
usnscomfort,5
chairman,5
jamesliang,5
mobile,5
apps,5
new,5
soundcloud,5
soundcloudrapper,5
marr,5
caryatid,5
parthenon,5
acropolis,5
μενουμεστοσπιτι,5
moviereview,5
youtuber,5
review,5
90s,5
babe,5
thebravehearts,5
notdyingforwallstreet,5
eastermassacre,5
covidngr,5
chn,5
ita,5
esp,5
ger,5
stocks,5
joblessclaims,5
unemployment,5
coronaupdate,5
pakistan,5
anushkasharma,5
viratkohli,5
pmcaresfund,5
cmrelieffund,5
cleaning,5
sterilizing,5
handwashing,5
handsanitizer,5
police,5
kukatpally,5
ovolohotels,5
birthdaysurprises,5
stillworking,5
chinaliedpeopledie,5
covid19pandemic,5
amitshah,5
thread,5
transmission,5
infection,5
uttarpradesh,5
nationalsecurityact,5
updates,5
mask,5
springcleaning,5
immaculate,5
pajamas,5
tomorrowisanewday,5
msc2020,4
animalabuse,4
prayforchina,4
prayforwuhan,4
maha,4
covid_2019,4
5g,4
wuhancoronovirus,4
ww3,4
繼續免費使用港珠澳,4
午夜起生效,4
huanan,4
westchester,4
newyork,4
waconomics,4
wateredu,4
watermartyr,4
facebookmarketing,4
conference,4
billiondollarwhale,4
coronagate,4
1mdb,4
females,4
robot,4
economic,4
northpoint,4
香港增4確診,4
駐北角警員中招,4
seoul,4
hkgov,4
elab,4
ip,4
patent,4
access2meds,4
prs_officiel,4
santé,4
municipales2020,4
uyghurs,4
concentrationcamps,4
uyghurgenocide,4
ne,4
nepol,4
kq,4
nairobi,4
harvard,4
vaccin,4
preppers,4
twdfamily,4
caricatura,4
humor,4
sátira,4
colombia,4
kamranghaderi,4
massudmossaheb,4
freekamranghaderi,4
freemassud,4
pence,4
puertoricans,4
maria,4
khm,4
kamalempowers,4
kamalhosierymills,4
precaution,4
sabcnews,4
41yearsoffailure,4
iranregimechange,4
freeiran2020,4
democraticsocialism,4
universalhealthcare,4
sandersharris2020,4
nbcnews,4
trunews,4
ayatollah,4
war,4
shameonryanair,4
shameonwaynabox,4
snakeflu,4
travel,4
themoreyouknow,4
shitstorm,4
kungflu,4
tv9news,4
cotedivoire,4
abidjan,4
secourisme,4
followus,4
digitalmarketing,4
コロナウイルス,4
video,4
ビデオ,4
entrepreneur,4
startup,4
sanitizers,4
jamalive,4
irgc,4
ayatollahsspreadcovid19,4
trumpnotfitforoffice,4
swingtrading,4
riskappetite,4
commodities,4
coronavirusalert,4
boycottchina,4
freetibet,4
moneyinthegrave,4
notoiletpaper,4
thankateacher,4
ohio,4
trollingforgood,4
ncga,4
ncpol,4
nced,4
schoolnurses,4
patient31,4
aoc,4
saturdaythoughts,4
chineseflu,4
democrat,4
schools,4
universities,4
teaching,4
nopinappleonpizza,4
covid_19italia,4
italia,4
malaysialockdown,4
malaysiacovid19,4
kitajagakita,4
covidindia,4
communityspirit,4
covid19insa,4
covid19africa,4
silverlinings,4
eskom,4
positivethinking,4
odisha,4
odishafightscorona,4
covid_19india,4
ridge,4
nhscovidheroes,4
covid19thailand,4
รัฐบาลส้นตีน,4
anosmia,4
ageusia,4
quarantineactivities,4
cooking,4
ph,4
madeinindia,4
jantacurfewmarch22,4
losangeleslockdown,4
pakistanamerica,4
pelosi,4
covidiots,4
caresact,4
aaynob12020,4
election2020,4
staysavesavelives,4
systemschange,4
covid19diaries,4
danpatrick,4
peeps,4
tuesdaymotivation,4
tuesdayvibes,4
martes,4
leaders,4
science,4
nhsthankyou,4
clapourcarers,4
maheshbabu,4
indialockdown,4
amanpour,4
crisis,4
healthcareforall,4
inthistogether,4
votebymail,4
jen2020,4
jenx,4
nextjen,4
pittsburgh,4
covidresponse,4
covidtest,4
syrians,4
releasesyrianpeisoners,4
fightagainst,4
raiwind,4
tableeghijamaat,4
ijtama,4
foodheroes,4
foodsupply,4
masks4all,4
billgatesvirus,4
event201,4
eugenics,4
jofraarcher,4
mentalillness,4
smi,4
brexitbeforebreathing,4
worcester,4
waste,4
recycling,4
ngos,4
coronacombatforce,4
supremecourt,4
centre,4
indian,4
yoshiki,4
山中伸弥,4
shinyayamanaka,4
app,4
clapforkeyworkers,4
surgicalmask,4
wmd,4
martiallaw,4
covid1984,4
odishafightscoronavirus,4
biblical,3
coronainislamabad,3
coranainrawalpindi,3
helpriphahian,3
riphahresistscorona,3
kungfu,3
chinastory,3
protestart,3
hongkongers,3
protest,3
hongkongprotest,3
kowloonbay,3
fotan,3
baghdadpost,3
imageninforma,3
imagennoticias,3
trade,3
canlab,3
cdnhealth,3
vaccines,3
georgiaguidestones,3
mariocavolo,3
chinadaily,3
demand,3
fall,3
impact,3
كورونا,3
prankcowoknormal,3
prankstraight,3
prankcowstraight,3
locust,3
wuhanjiayou,3
convid19,3
武汉疫情,3
corona19,3
سامسونغ,3
samsung,3
oott,3
elections,3
khamenei,3
sihatmilikku,3
walkthetalk,3
coronaviruslombardia,3
chicken,3
property,3
mipim,3
pandemics,3
crashbandicoot,3
artwork,3
nicolascortex,3
epidemic,3
trumprallycharleston,3
socialism,3
trump2020,3
yerevancity,3
մալաթիասեբաստիա,3
aysoram,3
obama,3
coronaviruspakistan,3
hcov19,3
bts,3
mondaymotivation,3
kpop,3
preexistingconditions,3
alert,3
ausol,3
nswpol,3
trumplandslidevictory2020,3
leadright,3
votered,3
michaelbloomberg,3
minimikebloomberg,3
droolingbloomberg,3
dowjones,3
wuhanshake,3
nokissing,3
nohandshake,3
varundhawan,3
natashadalal,3
bangkok,3
angola,3
drc,3
grandprincess,3
worlddayofprayer,3
worlddayofprayer2020,3
aids,3
hr6074,3
signthebill,3
panickbuying,3
diaperdon,3
tennessee,3
pissydonald,3
iranprotests,3
wired,3
crimeaisukraine,3
crimea,3
ahmedkhan,3
ibd,3
ioibd,3
transplant,3
thatthatdontkillme,3
فيروس_كورونا,3
dc,3
covid2019uk,3
mclaren,3
australian,3
ncaa,3
nba,3
byebyetrump,3
pandumbic,3
boycottmulan,3
boycottbejing2022,3
nature,3
ohsh,3
votebluenomatterwho,3
votebidentouniteamerica,3
amjoy,3
msnbc,3
sundaymorning,3
buddhism,3
ukraine,3
ukrainian,3
donbas,3
cuba,3
clinicaltrial,3
codiv19,3
tbilisi,3
covid2019india,3
hope,3
godblessamerica,3
panicbuyinguk,3
shopping,3
londonlockdown,3
zloader,3
yara,3
misp,3
อนุทิน,3
blooddrives,3
helpothers,3
urology,3
urosome,3
besensible,3
crowdfightcovid19,3
heres,3
readuseful,3
jeffbezos,3
afp,3
maskup,3
russianpresident,3
fasak,3
moroccans,3
quran,3
rouhani,3
coronapandemie,3
coronavirusde,3
beards,3
21days,3
ghana,3
citinewsroom,3
rcdhu,3
bernie,3
factsfirst,3
smart,3
buildings,3
covidlockdown,3
sethuraman,3
ripsethuraman,3
ripdrsethu,3
warrenbuffet,3
christianeamanpour,3
askdrh,3
sitaraghattamaneni,3
hongkongers4us,3
getmeppe,3
stupid,3
shameless,3
heartless,3
minaldakhavebhosale,3
mylabdiscovery,3
pune,3
dv,3
vaw,3
learningneverstops,3
confinement,3
lockdownireland,3
ppe,3
mikelindell,3
believescience,3
stemdrc,3
takeouttuesday,3
greatamericantakeout,3
drbencarson,3
potus45,3
indiabulls,3
metpolice,3
derbyspolice,3
acnh,3
nintendoswitch,3
afghanistan,3
herat,3
kabul,3
willferrell,3
secondwave,3
thankyouthursday,3
kovikone9,3
covid_19ph,3
nizamuddinmarkaj,3
maharashtra,3
sbifamily,3
proudsbi,3
defenseproductionactnow,3
healthcareworkers,3
hkpolice,2
magnitsky,2
malaysia,2
tokyo,2
crematorium,2
hiddentruth_of_bible,2
justasking,2
commodity,2
lng,2
church,2
rt,2
manufacturing,2
springfestival,2
coronaviruswho,2
hkpoliceterrorists,2
marfoogle,2
marfooglenews,2
avgeek,2
natgeo,2
bbb20,2
done,2
cherishtheday,2
pfcb,2
peiwei,2
dataviz,2
japanese,2
olympics,2
actualización,2
zhangyixing,2
trumpindiavisit,2
economiccrisis,2
corvid19,2
terradrone,2
deliverydrones,2
kimhanbin,2
honduras,2
coreedusud,2
chloroquine,2
propaganda,2
latest,2
car,2
forcequarantine,2
argusoil,2
costamesa,2
energymarkets,2
tradeflows,2
xauusd,2
eurorecession,2
northcarolina,2
fuckyounorthcarolina,2
확진자,2
disinformation,2
chinalies,2
labos,2
s,2
prayerwarriors,2
codvid19italia,2
coronaviriusoutbreak,2
update,2
冠状病毒,2
dembebate,2
trumprecession,2
demdebate2020,2
masks,2
tehran,2
econotego,2
icra,2
atf,2
kudos,2
thankyou,2
hkbudget,2
smes,2
qatar,2
trumpcrash,2
onevoice1,2
wtpteam,2
creativity,2
covid19nigeria,2
incompetentresponse,2
bbc,2
medicareforall,2
rtovertime,2
urgent,2
nerd,2
babyyoda,2
coronavirusflorida,2
bat,2
ozzyosborne,2
coronavirusindonesia,2
gaslight,2
contentgovernance,2
coronaviruschino,2
nysenate,2
nyassembly,2
wokeaf,2
mashhad,2
washington,2
tedros,2
zarif,2
dwpcrimes,2
dwpdeaths,2
america,2
kayburley,2
opec,2
eczema,2
whodathunkit,2
limitthelemsip,2
sickpayforall,2
retweeetplease,2
toiletpaperpanic,2
pandemicpreparedness,2
sundaythoughts,2
fr,2
royalprincess,2
royalfloatingpetridish,2
ireland,2
macarte,2
covid19fr,2
indiefilm,2
filmfestival,2
clintonbodycount,2
sensex,2
nifty,2
coronavirusitaly,2
beresponsible,2
stopthehysteria,2
philippinegenomecenter,2
karachi,2
emirates,2
sastaticket,2
factsmatter,2
abuseofpower,2
trumptheworstpresidentever,2
50swomen,2
hrithikroshan,2
geonews,2
karma,2
trivialising,2
tokyo2020,2
petb,2
makkah,2
umrah,2
covid19aus,2
ord,2
highriskcovid19,2
unmigrationplan,2
sendthemallback,2
txlege,2
inspo,2
mentalhealth,2
txlele,2
coronavirusfaqs,2
qanda,2
safehands,2
dab,2
postponed,2
goislanders,2
syrie,2
terrorisme,2
nlrb,2
realclearcounsel,2
contagion,2
recession,2
cancel,2
poorcustomerservice,2
tanzania,2
vegas,2
tourism,2
corvid19uk,2
wednesdayvibes,2
coronaviruseurope,2
f24,2
ฝ่าวิกฤตโควิด19,2
vinylcollection,2
takingoncorona,2
tenants,2
hiv,2
prep,2
data,2
wholiedmanydied,2
coronaviruscrisis,2
bernie2020,2
vegassafe,2
stayhomenevada,2
marshalllaw,2
bullfighting,2
uganda,2
closetheschoolsnow,2
californiashutdown,2
stophoarding,2
everymindmatters,2
rdc,2
slowthespread,2
utpol,2
trumpslushfund,2
influenza,2
covid19au,2
covid4mds,2
wfh,2
carlo,2
thecrown,2
goair,2
goaircancellation,2
bergamo,2
smartnews,2
quaratinelife,2
testtesttest,2
shraddhakapoor,2
koimoi,2
ageism,2
nhsvolunteers,2
research,2
kerala,2
torybrexit,2
brexit,2
popefrancis,2
praytogether,2
hong,2
sorrynotsorry,2
trumppressconf,2
salutetoallfrontliners,2
internalmedicine,2
immersion,2
toiletpaperemergency,2
social_distancing,2
indiafightscoronavirus,2
illinois,2
albertuderzo,2
asterix,2
nikah,2
isolating,2
hell,2
readytoservethenation,2
earthhour2020,2
thefuturewechoose,2
endgame,2
stayathomeandstaysafe,2
europaafricaus,2
jesusislord,2
westmidlands,2
muslim,2
transitalert,2
ct,2
boostingbunk,2
ninelineapparel,2
veteranowned,2
coronaboy,2
genocide,2
militaryfuneral,2
unitedwestand,2
oldpasadena,2
saudiarabia,2
workfromhome,2
floridaunemployment,2
tablighijamaat,2
medtech,2
ventilators,2
toystory,2
afcb,2
freeleahsharibu,2
renosnuggets,2
leadership,2
globalceasefire,2
factcheckingday,2
iranianrefugeesinturkey,2
restorehealthcare2refugees,2
ausbiz,2
flpol,2
sayfie,2
keepwell,2
sama,2
onoublirapas,2
lagov,2
potus,2
neworleans,2
pushupchallenge,2
oldmandilemma,2
dontturnprisonsintograveyard,2
icmr,2
wtf,2
coincidence,1
coronoavirus,1
nhl,1
diamondprincesscruise,1
aapi,1
fightvirus,1
ynews,1
mondaythoughts,1
onehealth,1
currency,1
満員電車,1
racism,1
monitorupdates,1
fakenewsmedia,1
bricsnews,1
suriya,1
podcast,1
itbp,1
dragonbear,1
bluesafetynet,1
digitalindia,1
orph,1
alertnotanxious,1
کرونا,1
imo2020,1
myvoteregimechange,1
phishing,1
southkorean,1
seriea,1
shaheenbagh,1
愚策,1
bahrain,1
fuvm,1
donaldjtrump,1
nbc12,1
preparedontpanic,1
voteblue,1
healthworkers,1
demdebate,1
hurricanemaria,1
fffgfo,1
bbcpm,1
americafirst,1
coronavirusireland,1
tds,1
spsp2020,1
genf,1
balancetonpost,1
antivaxxers,1
aidsocancer,1
demandtransparency,1
euro,1
travelinsurance,1
trumpliesaboutcoronavirus,1
noconversion,1
codvid19nigeria,1
yokohama,1
bushfireaustralia,1
globaleconomy,1
hr,1
doodoowithcheese,1
cina,1
dangerousdonaldtrump,1
fisa,1
patriotsawakened,1
pregnant,1
handwashanthems,1
ipl2020,1
socialism2020,1
stupidlove,1
number,1
cblive,1
germaphobesunite,1
freetoread,1
touchyourface,1
toiletpapercrisis,1
aipac,1
calmdown,1
pmmodi,1
notcontained,1
coronaferien,1
holi,1
probability,1
rwanda,1
cpac2020,1
pray,1
tokyoolympics,1
luxor,1
purim,1
sheeple,1
nachotuesday,1
ships,1
covid19mx,1
familiesfirst,1
fu,1
bcbs,1
cobrameeting,1
justintrudeau,1
afc,1
biologicalattack,1
wegotthisseattle,1
impeachtrumpagain,1
presidentbiden,1
ados,1
disabledandsaltyaf,1
weekendread,1
trumpplague,1
herdimmunity,1
flynn,1
russtaylor,1
philadelphia,1
container,1
edcolo,1
psa,1
dontbeaspreader,1
socialdistancingworks,1
trumpderangementsyndrome,1
poem,1
homecoming,1
californialockdown,1
राजस्थान_सतर्क_है,1
rachakondatrafficpolice,1
eugreendeal,1
chloroquin,1
coronaclapchallenge,1
thenine,1
kanikakapoor,1
emergencypowers,1
coronavirusscotland,1
mayenne,1
cabinfever,1
7news,1
savelives,1
enemiesofthepeople,1
kamalhassan,1
sjadmire,1
abc730,1
pandemicebt,1
yournhsneedsyou,1
covid19indai,1
princecharles,1
pmqs,1
taliban,1
influencermarketing,1
spreaders,1
breakthechain,1
notmypresident,1
bbcqt,1
lastsupperwaspizza,1
360wisemedia,1
safesextipsduringquarantine,1
stayathomesavelives,1
graphictruth,1
oklastayhoma,1
rn,1
25theamendmentnow,1
stayinturninward,1
corvid_19,1
investeu,1
walkwithme,1
punjab,1
parkinsons,1
sweden,1
libertyuniversity,1
unitebystayingapart,1
foi,1
businesssupport,1
coronajihad,1
comfortincrisis,1
covid19dk,1
breakfastdaily,1
who_is_realgod,1
watch,1
safeguardingadults,1
coronanyc,1
arynews,1
coviditalia,1
tekashi69,1
m7address,1
fridaymotivation,1
social,1
supportthenhs,1
freethemall,1
anthonyfauci,1
ishayogacenter,1
postponewisconsin,1
tabligijamaat,1
biden2020,1
lebanon,1
