hashtag,community,net
tavolotecnico,0,5g
cybersecurity,0,5g
intelligenzaartificiale,0,5g
bl,0,5g
facciamorete,1,5g
facciamoinformazione,1,5g
usa,1,5g
cina,1,5g
huawei,1,5g
trump,1,5g
nokia,2,5g
italia,1,5g
digiteconomy24,3,5g
luissbusiness,3,5g
ericsson,2,5g
pentagono,1,5g
nato,1,5g
apple,2,5g
report,6,5g
iphone,2,5g
iphone12,2,5g
iphone12pro,2,5g
iphone12promax,2,5g
qualcomm,2,5g
appleblog,2,5g
applenews,2,5g
francia,1,5g
xiaomimi10,2,5g
xiaomimi10pro,2,5g
xiaomi,2,5g
mi10,2,5g
mi10pro,2,5g
108mp,2,5g
snapdragon865,2,5g
preorder,2,5g
preordine,2,5g
geekbuying,2,5g
rtw,2,5g
techie,2,5g
offerta,2,5g
promo,2,5g
smartphone,2,5g
15febbraio,2,5g
innovazione,0,5g
rischi,0,5g
iliad,2,5g
ottaviani,3,5g
tg24,3,5g
antenne5g,3,5g
frosinone,3,5g
digitaltransformation,0,5g
infrastrutture,0,5g
digitale,0,5g
svizzera,9,5g
ehealth,10,5g
ue,1,5g
bigdata,0,5g
opendata,11,5g
healthtech,0,5g
catanzaro,6,5g
firme,6,5g
chemtrails,9,5g
tecnologie,0,5g
paese,10,5g
canada,1,5g
attacchiinformatici,0,5g
cloud,0,5g
sicurezzainformatica,0,5g
ransomware,0,5g
roma,10,5g
salute,3,5g
emergenza,9,5g
coronavirus,9,5g
bruxelles,3,5g
governi,3,5g
scenari,10,5g
gruppi,10,5g
parlamentari,10,5g
stefanolaporta,10,5g
superveloce,1,5g
fascismo,6,5g
mussolini,6,5g
donaldtrump,6,5g
guerradisecessione,6,5g
pellerossa,6,5g
amendola,2,5g
realtàaumentata,3,5g
poggibonsi,3,5g
4g,3,5g
ar,6,5g
covid2019,9,5g
tlc,0,5g
5gappeal,3,5g
lavori,0,5g
ptsclas,11,5g
luissbusinessschool,11,5g
tim,11,5g
vodafone,11,5g
wind,11,5g
fastweb,10,5g
infratel,11,5g
invitalia,11,5g
mise,0,5g
wifitalia,11,5g
mediaset,11,5g
luiss,11,5g
knowledgethatinnovates,11,5g
veniamodalontano,11,5g
tecnologia,0,5g
rete,10,5g
europa,6,5g
futuro,9,5g
industriale,10,5g
mercato,9,5g
tradewar,1,5g
streaming,1,5g
influencer,1,5g
bloomberg,2,5g
pillolesuldigitale,1,5g
17febbraio,0,5g
socialmedia,0,5g
statistiche,0,5g
internet,0,5g
informatica,0,5g
oracle,0,5g
machinelearning,0,5g
wiko,2,5g
travelhashtag2020,2,5g
visualstorytelling,2,5g
letsliveit,2,5g
mobile,2,5g
voicesearch,2,5g
instantmessaging,2,5g
dati,0,5g
digitalnews,0,5g
siri,0,5g
robotica,0,5g
relazioni,1,5g
esteri,1,5g
comunicazioni,10,5g
inquinamento,1,5g
traffico,0,5g
ia,0,5g
tweet,0,5g
fondonazionaleinnovazione,0,5g
blockchain,0,5g
madeinitaly,9,5g
smartcities,11,5g
risorgimentodigitale,0,5g
takaichi,0,5g
giappone,0,5g
6g,0,5g
japan,0,5g
cnit,1,5g
pmidigitallab,0,5g
modena,0,5g
lenovo,11,5g
motorola,2,5g
legion,2,5g
gaming,2,5g
vestager,1,5g
genova,0,5g
timdigitalstore,11,5g
industry40,11,5g
economia,10,5g
innovationmanagement,10,5g
it,10,5g
automazione,10,5g
datadriven,10,5g
impresa40,10,5g
automation,10,5g
industria40,10,5g
digitalizzazione,10,5g
industria,10,5g
trasporti,0,5g
dimaio,1,5g
modem,2,5g
snapdragonx60,2,5g
connessioni,3,5g
mobili,3,5g
velocità,3,5g
capacità,3,5g
windtre,2,5g
economiacontagiata,0,5g
diritto,3,5g
ecologia,3,5g
sorveglianza,3,5g
machine,3,5g
to,3,5g
sindacoottaviani,3,5g
marketing,2,5g
tenaa,1,5g
news,0,5g
huaweip40,1,5g
19febbraio,1,5g
telecomunicazioni,10,5g
bandaultralarga,10,5g
fibraottica,0,5g
agcom,2,5g
consumatori,2,5g
cisco,3,5g
network,3,5g
fibra,10,5g
ultrabraodband,10,5g
digitaleu,10,5g
lastampa,0,5g
smart,0,5g
anci,0,5g
uncem,0,5g
innovation,2,5g
transizionedigitale,6,5g
cittadini,6,5g
snapdragon,2,5g
barcellona,1,5g
germania,1,5g
vr,2,5g
qualcommsnapdragonx60,2,5g
modem5g,2,5g
mmwave,2,5g
sub6,2,5g
elisabettaripa,11,5g
openfiber,11,5g
loavevodetto,0,5g
unpaesefottuto,0,5g
blockchaintechnology,0,5g
blockchaincommunity,0,5g
astrophotography,2,5g
pisano,0,5g
security,0,5g
wifi,0,5g
pd,1,5g
ottica,11,5g
livorno,11,5g
aict,11,5g
rpaitaly,11,5g
ingegneriasistemisicurezza,11,5g
linkcampusuniversity,11,5g
schneiderelectric,11,5g
enea,11,5g
sirti,11,5g
daleggere,10,5g
5gbringnewvalue,0,5g
oginews,0,5g
sim,0,5g
microsd,0,5g
illuminazionepubblica,11,5g
smartgrid,11,5g
ricariche,11,5g
videosorveglianza,10,5g
vas,11,5g
brevettoitaliano,11,5g
eventidigitalidanonperdere,11,5g
gdpr,11,5g
cmx,11,5g
vaccini,6,5g
digitali,10,5g
informatiche,0,5g
confindustria,9,5g
udine,0,5g
business,0,5g
aziende,10,5g
ftth,11,5g
goldenpower,1,5g
whitepaper,0,5g
microservizi,0,5g
asset,0,5g
unpopolofottuto,0,5g
napolitano,1,5g
europea,0,5g
studenti,0,5g
telco,3,5g
economico,10,5g
android11,10,5g
androiddev,10,5g
verizon,10,5g
wuhan,9,5g
covid_19,9,5g
disruptive,0,5g
rpa,0,5g
dataops,0,5g
container,0,5g
edgecomputing,11,5g
virtualreality,0,5g
mixedreality,0,5g
augumentedreality,0,5g
novax,9,5g
sciechimiche,6,5g
china,1,5g
coronarovirus,1,5g
censorship,1,5g
wuhancoronavirus,1,5g
blackswan,1,5g
coronavirusitalia,9,5g
coronavirusitaly,9,5g
viadellaseta,9,5g
codvid19,9,5g
nord,9,5g
firenze,9,5g
prato,9,5g
verymobile,2,5g
italioni,11,5g
telecomunucazioni,11,5g
infosec,0,5g
itsecurity,0,5g
diagnosi,1,5g
remoto,1,5g
zte,1,5g
chinatelecom,1,5g
reti,10,5g
private,10,5g
armonizzare,10,5g
statiuniti,6,5g
wifi6,3,5g
sony,2,5g
xperia,2,5g
24febbraio,2,5g
networking,3,5g
bando,6,5g
asiatica,9,5g
astridrassegna,0,5g
istituzioniue,0,5g
regionalismo,0,5g
diritti,0,5g
economiainternazionale,0,5g
economiaitaliana,0,5g
economiadigitale,0,5g
competenzedigitali,0,5g
mozione,10,5g
digitaltrasformation,10,5g
ricerca,0,5g
realmex50pro5g,2,5g
realme,2,5g
technews,2,5g
speedofthefuture,2,5g
x50pro,2,5g
x50pro5g,2,5g
nuove,10,5g
x50,2,5g
realmex50pro,2,5g
android,2,5g
watchguard,0,5g
protezionedeidati,0,5g
euroinformatica,0,5g
cybercrime,0,5g
intelligenza,0,5g
artificiale,0,5g
privacy,6,5g
tariffe,2,5g
telecom,9,5g
h3g,2,5g
iiot,2,5g
connettività,2,5g
broadband,2,5g
imprese,11,5g
oceanstordorado,1,5g
huaweimwc,1,5g
honor,9,5g
nuovismartphone,1,5g
smartphone5g,1,5g
honorview30pro,1,5g
huaweimatexs,1,5g
appgallery,1,5g
oran,2,5g
tip,2,5g
trasformato,2,5g
oltre,2,5g
canali,2,5g
difesa,1,5g
balcanioccidentali,1,5g
westlessness,1,5g
universitim,0,5g
mate,1,5g
galaxy,1,5g
fold,1,5g
droni,6,5g
valore,10,5g
asia,10,5g
emui,2,5g
matexs,2,5g
kirin990,2,5g
multitasking,2,5g
pieghevole,2,5g
leica,2,5g
intel,3,5g
università,0,5g
giovani,0,5g
tremont,3,5g
atomp5900,3,5g
p5900,3,5g
olimontel,0,5g
voip,0,5g
b2b,0,5g
export,0,5g
wuhang,2,5g
censoria,2,5g
social,2,5g
sistemaimmunitario,6,5g
dis,1,5g
vecchione,1,5g
lg,2,5g
oled,2,5g
software,0,5g
pillolaogi,0,5g
3gpp,9,5g
monarch,9,5g
cia,6,5g
antispionaggio,1,5g
wuflu,6,5g
brembo,6,5g
codogno,6,5g
nembro,6,5g
covidー19,9,5g
hitech,2,5g
dazi,9,5g
mwc20,1,5g
covid19,6,5g
assange,6,5g
paesipoveri,6,5g
rifiuti,6,5g
vaccino,9,5g
zagabria,1,5g
terrorismo,1,5g
stop5g,9,5g
pall,9,5g
catastrofi,9,5g
incendi,9,5g
ingloriousglobastards,1,5g
garrone,2,5g
eolo,2,5g
fwa,2,5g
italiadigitale,2,5g
danni,9,5g
rischio,9,5g
copasir,1,5g
yoga,11,5g
lenovoyoga5g,11,5g
windows10,11,5g
wwii,1,5g
lega,1,5g
manager,6,5g
ultralarga,10,5g
trend2020,0,5g
video,2,5g
hdmi,2,5g
v60,2,5g
modello,2,5g
serie,2,5g
thinq,2,5g
audio,2,5g
foto,2,5g
esperienza,2,5g
energia,10,5g
5gishere,10,5g
guerra,9,5g
attacco,9,5g
bioterrorismo,9,5g
giochimilitari,9,5g
fortbragg,9,5g
psyop,9,5g
med,9,5g
delta,9,5g
razzismo,2,5g
incrociano,2,5g
scontrano,2,5g
online,2,5g
ondemillimetriche,2,5g
cittadinidelmondo,2,5g
peccato,2,5g
bug,3,5g
ancipiemonte,0,5g
5gbuiltright,0,5g
samsung,2,5g
oppo,2,5g
racale,9,5g
toyota,2,5g
blackrock,2,5g
softbank,2,5g
clearviewai,2,5g
realtime,6,5g
antoniatulino,10,5g
healthcare,3,5g
huaweiita,1,5g
regolamentazione,10,5g
sars,9,5g
bassapotenza,9,5g
factory,1,5g
edge,11,5g
digitaldivide,10,5g
smartworking,10,5g
telemedicina,10,5g
teleassistenza,10,5g
bul,10,5g
cellulare,3,5g
tumori,3,5g
viversaniebelli,3,5g
elettrosmog,3,5g
metallo,9,5g
sindaco,9,5g
antenne,9,5g
gates,9,5g
netflix,9,5g
propagandavaccinale,9,5g
governodellavergogna,1,5g
ecosistema,2,5g
app,10,5g
sicuro,2,5g
affidabile,2,5g
utenti,2,5g
rivoluzionaria,2,5g
loon,9,5g
coscienza,9,5g
srm,6,5g
tavistock,6,5g
complottismo,6,5g
pnl,6,5g
catastrofe,6,5g
razzi,6,5g
whuan,6,5g
urso,1,5g
barilla,9,5g
specs,2,5g
specification,2,5g
phones,2,5g
smartphones,2,5g
vivo,2,5g
vivomobile,2,5g
vivonex3,2,5g
price,2,5g
pakistan,2,5g
tringpk,2,5g
smarttv,9,5g
bigtech,9,5g
scientifiche,6,5g
coronavirusupdate,6,5g
armabiologica,6,5g
brevetti,6,5g
resetfinanziarioglobale,6,5g
cinese,1,5g
sensibili,1,5g
volpi,1,5g
palazzomadama,10,5g
3d,10,5g
fitce,11,5g
coronavid19,10,5g
5gharvesting,1,5g
digital,0,5g
bluetooth,2,5g
reno,2,5g
sig,2,5g
snapdragon765g,2,5g
ghent,11,5g
covid,0,5g
socialandtech,2,5g
dell,2,5g
sud,10,5g
capitaleumano,10,5g
vita,10,5g
euro,1,5g
fastwebrispondi,10,5g
2marzo,10,5g
wefastweb,10,5g
roma5g,10,5g
datacenter,11,5g
relazione,1,5g
nazione,1,5g
perimetronazionale,1,5g
3g,3,5g
studio,2,5g
immunodepressione,9,5g
virus,9,5g
byoblu,9,5g
enel,1,5g
leonardo,1,5g
ofmaio,9,5g
giuseppi,9,5g
cinesi,9,5g
telematica,0,5g
ospedali,0,5g
fabbriche,0,5g
scuolechiuse,9,5g
coronarvirusitalia,9,5g
dualuse,1,5g
wipo,1,5g
googlecloud,11,5g
abbonamenti,0,5g
13milioni,0,5g
ubb,0,5g
htc,0,5g
bitcoin,0,5g
remoteworking,0,5g
wirelesswednesday,0,5g
idiotiallosbando,9,5g
agi,9,5g
fgas,1,5g
ambiente,1,5g
asteco2,1,5g
sistemaidricointegrato,1,5g
refe,1,5g
quinta,3,5g
microonde,3,5g
genitori,3,5g
guidagenitori,3,5g
asean,1,5g
standard,2,5g
dispositivi,2,5g
telefoniamobile,2,5g
telefonia,2,5g
laboratori,0,5g
prova,0,5g
taratura,0,5g
tic,0,5g
exodus,0,5g
marcegaglia,0,5g
paglieri,0,5g
palermo,0,5g
safermilan,0,5g
alleanza,11,5g
googlenext2020,11,5g
partnership,11,5g
hybridcloud,11,5g
multicloud,11,5g
gubitosi,11,5g
kurian,11,5g
5gnotnow,2,5g
5marzo,0,5g
rassegnastampa,0,5g
tesicomplottiste,9,5g
breakingnews,2,5g
topquality,2,5g
windtrenonsiferma,2,5g
connessione,0,5g
transumanesimo,9,5g
prometeo,9,5g
casaleggio,1,5g
nwo,9,5g
umanoidi,0,5g
rdc,0,5g
processi,0,5g
carceri,0,5g
umani,0,5g
5s,0,5g
grillo,0,5g
coronvirusitalia,10,5g
elearning,10,5g
didatticaadistanza,10,5g
didatticadigitale,10,5g
oneoonegames,1,5g
pingpong,1,5g
pingpongpro,1,5g
timgames,1,5g
gamingitaliano,1,5g
videogiochi,1,5g
videogames,1,5g
magazine,1,5g
findx2series,2,5g
findx2,2,5g
findx2pro,2,5g
shanghai,9,5g
eu,9,5g
wuhanpneumonia,6,5g
inside,10,5g
supremazia,9,5g
massimo,9,5g
controllo,9,5g
popolazione,9,5g
politica,9,5g
economica,9,5g
spionaggio,9,5g
wimax,0,5g
odd2020,11,5g
opendataday,11,5g
opendataday2020,11,5g
massa,3,5g
brand,2,5g
covid19italia,9,5g
twitter,0,5g
facebook,9,5g
iorestoacasa,9,5g
zonarossa,9,5g
homeoffice,3,5g
leolov,3,5g
madeinchina,9,5g
defendereurope20,9,5g
ciscosystems,3,5g
giga,2,5g
memoria,2,5g
coviditaly,9,5g
pmi,0,5g
latitude,2,5g
latitude9510,2,5g
orange,2,5g
orange5g,2,5g
cloudsecurity,0,5g
sanita,10,5g
mimix35g,2,5g
xiaomimimix35g,2,5g
xiaomimimix3,2,5g
coronavirusoutbreak,9,5g
coronaitaly,9,5g
viruscorona,9,5g
italy,9,5g
italycoronavirus,9,5g
italylockdown,9,5g
italystaystrong,9,5g
pandemia,9,5g
isde,3,5g
oasisana,3,5g
miui11,2,5g
android10,2,5g
corona,2,5g
discoverysport,2,5g
india,2,5g
10marzo,6,5g
buongiorné,6,5g
buongiornoatutti,6,5g
buonanotte,6,5g
mes,6,5g
quarantena,9,5g
usa2020,6,5g
game,2,5g
rogphone,2,5g
googlestadia,2,5g
smarphone,2,5g
asus,2,5g
nex3s5g,2,5g
v19,2,5g
snapdragon675,2,5g
snapdragon855,2,5g
azioni,0,5g
mercati,0,5g
investimenti,0,5g
internetdellecose,0,5g
tv,11,5g
churchill,11,5g
ionondimentico,11,5g
settorelogistico,3,5g
dhl,3,5g
prospettive,3,5g
bruxhell,9,5g
strategie,0,5g
micron,2,5g
ufs,2,5g
umcp,2,5g
lpddr5,2,5g
ioleggoacasa,2,5g
digitimes,2,5g
ipad,2,5g
aip,2,5g
sovranità_tecnologica,10,5g
leadership_digitale,10,5g
servizi_data_driven,10,5g
renesas_electronics,2,5g
8v97003,2,5g
beamforming,2,5g
mimo,2,5g
hpe,0,5g
chip,2,5g
hwlimitless,2,5g
hwclient,2,5g
bestcoverage,2,5g
berec,2,5g
innovationmanager,10,5g
curiosità,2,5g
consapevolezza,9,5g
coronashow,9,5g
obbligovaccinale,6,5g
ti,9,5g
paura,9,5g
pandemiacoronavirus,9,5g
vaccinazione,9,5g
eugenetica,9,5g
icnirp,3,5g
colonizzazione,9,5g
finanza,10,5g
donne,10,5g
trends,10,5g
assistenzasanitaria,10,5g
grafene,10,5g
spazzatura,10,5g
andratuttobene,11,5g
12marzo,6,5g
tuttochiuso,6,5g
restiamoacasa,10,5g
covid2019italia,6,5g
governodelcontagio,6,5g
presidentemattarella,6,5g
hopersoillavoro,6,5g
motori,0,5g
comunicazione,10,5g
vite,10,5g
vitaminad,9,5g
data,10,5g
autofuturo,2,5g
leaseplan,2,5g
autoconnesse,2,5g
noleggioauto,2,5g
nubia,2,5g
redmagic,2,5g
amadeus,9,5g
marcianò,9,5g
sapevatelo,9,5g
linkem,0,5g
greeneconomy,0,5g
coranavirusitalia,9,5g
borisjohnson,1,5g
covid_19italia,9,5g
adessodibba,1,5g
no5g,9,5g
pechino,1,5g
redminote,2,5g
genocide,9,5g
sostenibili,2,5g
vested,1,5g
covid19_italia,1,5g
ogm,6,5g
lezzi,1,5g
crisieconomica,1,5g
eurogroupe,1,5g
italexit,1,5g
giveaway,2,5g
lgv60thinq5g,2,5g
lgv60thinq,2,5g
v60thinq,2,5g
v60thinq5g,2,5g
italiani,10,5g
utilities,10,5g
smartnation,10,5g
algoritmi,0,5g
computerquantistici,0,5g
datascience,0,5g
telegram,0,5g
key4biz,0,5g
ict,0,5g
dataprotection,0,5g
media,0,5g
corononavirus,1,5g
sfruttano,1,5g
governoconte,1,5g
trojan,6,5g
transumanza,9,5g
exumani,9,5g
industriaitaliana,11,5g
morelli,11,5g
ibmitalia,11,5g
com,3,5g
cellular,3,5g
phone,2,5g
bigdate,3,5g
health,3,5g
gsma,3,5g
salvinivergognati,1,5g
decreto,1,5g
colpodistato,1,5g
patent_index_2019,11,5g
investimentisanitari,1,5g
oms,9,5g
cercasicavieumane,9,5g
vertiv,11,5g
trend,11,5g
domani,6,5g
francesi,6,5g
tedeschi,6,5g
case,0,5g
autointerconnesse,2,5g
connected,2,5g
terzomondo,11,5g
eiopago,11,5g
grazie,11,5g
acasa,10,5g
foldable,2,5g
mimix3,2,5g
mimix4,2,5g
manifatturiero,11,5g
crisicoronavirus,11,5g
professionisti,0,5g
progetti,0,5g
cancerogenicità,3,5g
aerei,6,5g
sindaci,6,5g
comuni,6,5g
martin,9,5g
minaccia,9,5g
sopravvivenza,9,5g
lasagna,2,5g
restiamoconnessi,11,5g
iorestoqui,11,5g
iononrestosolo,11,5g
vodafoneitalia,11,5g
vodafonetv,11,5g
intrattenimento,11,5g
serietv,11,5g
igersitalia,11,5g
pubblicautilità,11,5g
igerscampania,11,5g
meizu,2,5g
flyme8,2,5g
meizu17,2,5g
techno,2,5g
fotografia,2,5g
selfie,2,5g
coronaminchia,10,5g
dittatura,9,5g
gameover,9,5g
bye,9,5g
ciao,9,5g
adios,9,5g
sebeccamo,9,5g
orwell,9,5g
bergamo,6,5g
cybsersecurity,3,5g
foldablephones,10,5g
independencedaynet,6,5g
newworldweb2020,6,5g
whatmediadontsay,6,5g
nokiamobilelive,2,5g
nokia835g,2,5g
riportiamoleaziendeinpatria,1,5g
redmi,2,5g
popupcamera,2,5g
redmik30pro,2,5g
pa,0,5g
cvcn,0,5g
spada,2,5g
spettro,2,5g
curaitalia,2,5g
19marzo,6,5g
mengeledibergamo,6,5g
aeriirroratori,6,5g
byoblu24,6,5g
ashtar,9,5g
formiche,1,5g
wuhanvirus,1,5g
boccardelli,10,5g
pianomarshall,10,5g
verità,6,5g
leadership,6,5g
scienza,6,5g
fatti,6,5g
bullismo,6,5g
ottimismo,6,5g
popoli,6,5g
estinzione,9,5g
fo,1,5g
leading5ginnovations,1,5g
iostoacasa,0,5g
positivo,9,5g
fottenasega,9,5g
5gcoronavirus,9,5g
fakenews,6,5g
covidiot,9,5g
22marzo,9,5g
stopmes,9,5g
stopchina,9,5g
gunterpauli,9,5g
burioni,9,5g
norditalia,9,5g
stayathome,10,5g
fakenewsmedia,0,5g
tg,3,5g
gsm,3,5g
gprs,3,5g
sbronzitutti,9,5g
chinesevirus,9,5g
zeiss,2,5g
fermiamoloinsieme,2,5g
nokia8,2,5g
coronaviriusitalia,9,5g
lombardia,9,5g
giuseppeconte,9,5g
5gtowers,9,5g
morepiratesplease,9,5g
decretocuraitalia,9,5g
sindacati,9,5g
boccia,9,5g
palazzochigi,9,5g
dirittiumani,9,5g
lafleacasatua,9,5g
chiudetegiletti,9,5g
tvprofeta,9,5g
diodenaro,9,5g
facialrecognition,9,5g
digitaleconomy,0,5g
golden,10,5g
emergenzacovid19,9,5g
emergenzacoronavirus,9,5g
vergo,9,5g
batteria,2,5g
stop5gnow,3,5g
savetheworld,3,5g
bufale,6,5g
salvatorerainò,6,5g
tso,6,5g
trattamentosanitarioobbligatorio,6,5g
farmaci,6,5g
dottore,6,5g
tamponi,6,5g
tampone,6,5g
psichiatria,6,5g
medico,6,5g
falsipositivi,6,5g
mascherine,6,5g
noncelapossiamofare,9,5g
grecia,1,5g
coronavirusita,6,5g
miwuhan,6,5g
matrix,6,5g
amodeo,6,5g
anticipare,11,5g
resistere,11,5g
superare,11,5g
adattarsi,11,5g
lavoroagile,11,5g
globalizzazione,10,5g
deglobalizzazione,10,5g
epidemia,10,5g
tg5,9,5g
mobilita,10,5g
fissa,10,5g
didattica,10,5g
fascicoloelettronico,10,5g
padigitale,10,5g
wallstreet,10,5g
cosmote,2,5g
ciber,1,5g
25marzo,10,5g
mauriziomartucci,6,5g
montanari,9,5g
cavie,9,5g
resistenzaitaliana2020,9,5g
metallipesanti,6,5g
sanzioni,1,5g
stammerda,9,5g
nomes,9,5g
carlo,9,5g
regina,9,5g
william,9,5g
technology,9,5g
europeanunion,9,5g
coviditalia,1,5g
accordieconomiciconcina,9,5g
nodata,9,5g
nomarket,9,5g
contedimettiti,1,5g
contedittatore,1,5g
spiritualità,9,5g
andreanicola,9,5g
oltrecoscienza,9,5g
massmedia,9,5g
informazioni,9,5g
telegiornali,9,5g
televisione,9,5g
controllomentale,9,5g
aids,9,5g
immunesystem,9,5g
radiofrequency,9,5g
martiallaw2020,9,5g
globalwarming,3,5g
sostenibilità,3,5g
cfo,3,5g
webinarseries,3,5g
cloudpa,1,5g
farmaceutica,1,5g
geodatalab,11,5g
geodatalabinterests,11,5g
gis,11,5g
26marzo,10,5g
fastwebdigitalacademy,10,5g
80hz,2,5g
display,2,5g
k30pro,2,5g
modding,2,5g
root,2,5g
dos,3,5g
ilfuturoèmobile,0,5g
customerservice,0,5g
maintenance,0,5g
nodatanomarket,9,5g
covid19italy,9,5g
emf,9,5g
smartliving,10,5g
worldonweb,10,5g
lafruttarianaribelle,9,5g
pandemie,9,5g
falsainformazione,9,5g
murdrers,9,5g
rainò,9,5g
ministerodellasalute,6,5g
xiaomimi10lite,2,5g
mi10lite,2,5g
mi10lite5g,2,5g
viteumane,10,5g
xiaomimi10lite5g,2,5g
mi10family,2,5g
mi10series,2,5g
bestbuy,2,5g
newstech,2,5g
27marzo,2,5g
gadget,2,5g
airpurifier,2,5g
auricolari,2,5g
mitv,2,5g
router,2,5g
tws,2,5g
microchip,9,5g
incentivi,0,5g
sperimentazione,0,5g
tecnologiemergenti,0,5g
bros,9,5g
bce,9,5g
tg1,9,5g
elettrificazione,6,5g
sadefenza,6,5g
g5,6,5g
mi,2,5g
pro,2,5g
covid_19usa,9,5g
5gvirus,9,5g
vodafonedown,11,5g
illiad,11,5g
ibuprofene,6,5g
29marzo,9,5g
usacina,9,5g
checkout,0,5g
amazon,0,5g
computervision,0,5g
deeplearning,0,5g
sensorfusion,0,5g
ciarlatani,6,5g
aldobisio,10,5g
russia,1,5g
malditesta,9,5g
elettrificazioneterrestre,9,5g
centoventicomuni,1,5g
eu5gappeal,1,5g
warn,1,5g
serioushealtheffectsof5g,1,5g
astroslide,2,5g
planetcomputers,2,5g
indiegogo,2,5g
linux,2,5g
ultrabroadband,3,5g
30marzo,0,5g
5gkills,9,5g
bambini,9,5g
emk_ultra,9,5g
devecchis,0,5g
vivos6,2,5g
vivos65g,2,5g
exynos980,2,5g
kddi,0,5g
città,0,5g
anno,9,5g
bisesto,9,5g
funesto,9,5g
31marzo,10,5g
strade,0,5g
gara,0,5g
febbre,6,5g
polemica,3,5g
elettromagnetica,3,5g
wireless,3,5g
dasapere,0,5g
trasferimentotecnologico,0,5g
tecnologieemergenti,0,5g
ricercaesviluppo,0,5g
fondi,0,5g
sperimentazioni,0,5g
geodatainterests,11,5g
cosco,2,5g
opensource,0,5g
salvini,1,5g
pandemiamundial,0,5g
medicina,0,5g
strategy,0,5g
idsnnd,9,5g
2aprile,1,5g
complottistiidioti,9,5g
complottisti,9,5g
complotto,9,5g
gomblotto,9,5g
complottistidimerda,9,5g
billgates,9,5g
tuttoscritto,9,5g
noncelodicono,9,5g
finanziamento,0,5g
sicure,0,5g
mediatekdimensity1000l,2,5g
quxichase,2,5g
realmex60,2,5g
foxconn,2,5g
whatsappdown,0,5g
facebookdown,0,5g
telegramdown,0,5g
restateacasa,0,5g
emergenti,0,5g
domande,0,5g
aubayitalia,3,5g
aubay,3,5g
chinamobile,1,5g
ace2,2,5g
democrazia,1,5g
elettromagnetico,1,5g
unannobellissimo,9,5g
idiocracy,9,5g
vera,9,5g
causa,9,5g
delle,9,5g
orban,6,5g
ungheria,6,5g
disinformazione,6,5g
quotidianità,0,5g
5gtechnology,9,5g
complotti,9,5g
granbretagna,6,5g
viruschines,9,5g
regnounito,9,5g
radioactivity,9,5g
radiation,9,5g
coronavirususa,9,5g
coronaviruschallenge,9,5g
coronaviruspandemic,9,5g
distopya,9,5g
middleclass,9,5g
plandemic,6,5g
filmyourhospital,6,5g
chinavirus,9,5g
leggemarziale,9,5g
best,2,5g
top,2,5g
fast,2,5g
storage,2,5g
photo,2,5g
genius,2,5g
device,2,5g
neurologia,9,5g
sociology,9,5g
casualty,9,5g
wakeup,9,5g
truth,9,5g
doctor,9,5g
courage,9,5g
campielettromagnetici,6,5g
corrente,6,5g
coronvirus,9,5g
coronavirusoutbreak,1,covid
coronavirusjapan,1,covid
coronaviruschina,1,covid
coronavirusmexico,1,covid
coronaviruswuhan,1,covid
coronavirusthailand,1,covid
coronavirusitalia,1,covid
coronavirususa,1,covid
coronaviruscanada,1,covid
coronavirusfrance,1,covid
cina,3,covid
epidemia,3,covid
polmonite,3,covid
xijinping,3,covid
pechino,3,covid
covidー19,4,covid
nellatestadeldragone,3,covid
salvini,6,covid
lamorgese,6,covid
lega,6,covid
m5s,6,covid
russia,10,covid
statiuniti,10,covid
australia,10,covid
italia,10,covid
mattarella,10,covid
drittoerovescio,10,covid
aggiornamento,3,covid
viruscina,3,covid
contagio,3,covid
wuhan,3,covid
viruscinese,3,covid
viruscorona,3,covid
viruschinois,3,covid
viruschina,3,covid
speranza,6,covid
codogno,6,covid
lombardia,6,covid
padova,6,covid
adrianotrevisan,6,covid
veneto,14,covid
zaia,6,covid
quartogrado,1,covid
ansa,17,covid
coronarvirusitalia,4,covid
coronavirusitalla,4,covid
governorossogiallo,6,covid
conte,6,covid
radiosavana,6,covid
africa,14,covid
barconi,14,covid
sansonetti,14,covid
costamagna,14,covid
meloni,14,covid
migranti,14,covid
ue,6,covid
23febbraio,10,covid
nigeria,14,covid
etiopia,14,covid
fake,6,covid
tonicapuozzo,4,covid
nonelarena,4,covid
la7,4,covid
giletti,4,covid
covid19italia,4,covid
sileri,4,covid
regionefvg,10,covid
1marzo,10,covid
amuchina,4,covid
facciamorete,4,covid
fckkoronavirus,4,covid
fontana,6,covid
virus,3,covid
covid_19,4,covid
schengen,4,covid
casalpusterlengo,6,covid
coronavirius,4,covid
sciacallo,6,covid
quarantena,14,covid
voeuganeo,14,covid
folgore,14,covid
oceanviking,14,covid
pozzallo,14,covid
coronaviruslombardia,17,covid
coranavirusitalia,4,covid
covid19italy,4,covid
superspreader,6,covid
ctcf,1,covid
portaaporta,4,covid
coronavirusitaly,4,covid
covid_2019,4,covid
coronaviriusitalia,4,covid
codvid19italia,4,covid
governodelcontagio,6,covid
italie,17,covid
coronavirues,4,covid
covid2019,17,covid
ventisette02fr,4,covid
piazzapulita,17,covid
casalino,6,covid
grandefratello,6,covid
carolarackete,6,covid
crisanti,17,covid
ong,10,covid
dimaio,6,covid
mascherina,6,covid
coronavid19,4,covid
covid2019italia,4,covid
risorseinps,6,covid
sulaymaniyya,10,covid
kurdistan,10,covid
iraq,10,covid
krg,10,covid
turchia,10,covid
koca,10,covid
sudcorea,10,covid
iran,10,covid
coronavirusupdate,4,covid
milanononsiferma,4,covid
milanoêtuttainfetta,4,covid
lineanotte,4,covid
roma,6,covid
raggi,6,covid
economics,10,covid
lagarde,10,covid
crisis,10,covid
quartarepubblica,10,covid
fuoridalcoro,10,covid
coronvirus,4,covid
smog,4,covid
torino,4,covid
propagandalive,4,covid
lesbo,4,covid
contevirus,4,covid
bassignana,1,covid
rete,1,covid
infodemia,1,covid
vogliamovotare,6,covid
contedimettiti,6,covid
coronvirusitalia,4,covid
governo,6,covid
nord,6,covid
sossa,6,covid
cheschifo,6,covid
hatchett,3,covid
grippe,3,covid
israele,14,covid
livorno,4,covid
titolov,6,covid
barbarabalanzoni,4,covid
politica,4,covid
zonerosse,1,covid
milano,17,covid
hongkong,17,covid
iostoacasa,17,covid
di,17,covid
iorestoacasa,4,covid
carceri,10,covid
borsa,10,covid
giuseppi,10,covid
churchill,10,covid
narcoscanada,1,covid
bertolaso,6,covid
schettino,6,covid
basta,6,covid
gentedimerda,4,covid
napoli,6,covid
catenodeluca,6,covid
messina,6,covid
inchiestacoronavirus,6,covid
travaglio,6,covid
orban,6,covid
dittatore,6,covid
coronapandemie,17,covid
leonardo,17,covid
25marzo,17,covid
filippo,17,covid
reginaelisabetta,17,covid
attendezquonsorte,4,covid
macrondestitution,4,covid
democrazia,6,covid
carlotaormina,6,covid
chine,1,5gANDcovid
china,1,5gANDcovid
economiacontagiata,3,5gANDcovid
tecnologia,3,5gANDcovid
barcellona,4,5gANDcovid
germania,4,5gANDcovid
huawei,4,5gANDcovid
pillolesuldigitale,4,5gANDcovid
19febbraio,4,5gANDcovid
ia,1,5gANDcovid
pd,1,5gANDcovid
coronarovirus,1,5gANDcovid
censorship,1,5gANDcovid
wuhancoronavirus,1,5gANDcovid
blackswan,1,5gANDcovid
coronavirusitalia,7,5gANDcovid
coronavirusitaly,7,5gANDcovid
droni,1,5gANDcovid
robot,10,5gANDcovid
bigdata,1,5gANDcovid
assange,12,5gANDcovid
turchia,12,5gANDcovid
usa,12,5gANDcovid
paesipoveri,12,5gANDcovid
rifiuti,12,5gANDcovid
cina,13,5gANDcovid
guerra,12,5gANDcovid
dazi,12,5gANDcovid
attacco,12,5gANDcovid
bioterrorismo,12,5gANDcovid
giochimilitari,12,5gANDcovid
fortbragg,12,5gANDcovid
psyop,12,5gANDcovid
med,12,5gANDcovid
delta,12,5gANDcovid
realtime,13,5gANDcovid
sars,12,5gANDcovid
madeinitaly,12,5gANDcovid
telco,7,5gANDcovid
digiteconomy24,7,5gANDcovid
luissbusiness,7,5gANDcovid
covid2019,7,5gANDcovid
tlc,7,5gANDcovid
guidaautonoma,10,5gANDcovid
selfdrivingcars,10,5gANDcovid
ai,10,5gANDcovid
iot,10,5gANDcovid
autonomousvehicles,10,5gANDcovid
selfdriving,10,5gANDcovid
autonomous,10,5gANDcovid
robotics,10,5gANDcovid
tech,10,5gANDcovid
driverless,10,5gANDcovid
driverlesscars,10,5gANDcovid
startups,10,5gANDcovid
startup,10,5gANDcovid
artificialintelligence,10,5gANDcovid
robots,10,5gANDcovid
mobility,10,5gANDcovid
telematica,1,5gANDcovid
ospedali,1,5gANDcovid
fabbriche,1,5gANDcovid
automazione,1,5gANDcovid
trasporti,1,5gANDcovid
videosorveglianza,1,5gANDcovid
security,1,5gANDcovid
robotica,1,5gANDcovid
tim,1,5gANDcovid
umanoidi,1,5gANDcovid
grillo,1,5gANDcovid
twitter,7,5gANDcovid
facebook,7,5gANDcovid
iorestoacasa,13,5gANDcovid
zonarossa,7,5gANDcovid
homeoffice,13,5gANDcovid
vodafone,13,5gANDcovid
4g,13,5gANDcovid
3g,13,5gANDcovid
internet,13,5gANDcovid
leolov,13,5gANDcovid
coviditaly,7,5gANDcovid
verizon,24,5gANDcovid
ehealth,12,5gANDcovid
telemedicina,12,5gANDcovid
sanita,12,5gANDcovid
game,3,5gANDcovid
rogphone,3,5gANDcovid
gaming,3,5gANDcovid
googlestadia,3,5gANDcovid
smarphone,3,5gANDcovid
asus,3,5gANDcovid
snapdragon,3,5gANDcovid
android10,3,5gANDcovid
iwce2020,24,5gANDcovid
lasvegas,24,5gANDcovid
wireless,24,5gANDcovid
lte,24,5gANDcovid
telecom,24,5gANDcovid
att,24,5gANDcovid
tmobile,24,5gANDcovid
sprint,24,5gANDcovid
commercialdrones,24,5gANDcovid
droneinspections,24,5gANDcovid
drones,24,5gANDcovid
drone,24,5gANDcovid
uav,24,5gANDcovid
uas,24,5gANDcovid
pandemia,26,5gANDcovid
iorestocasa,26,5gANDcovid
chiusuratotale,26,5gANDcovid
smartworking,26,5gANDcovid
telelavoro,26,5gANDcovid
didatticaadistanza,26,5gANDcovid
italy,4,5gANDcovid
lezzi,4,5gANDcovid
crisieconomica,4,5gANDcovid
ue,4,5gANDcovid
italia,4,5gANDcovid
eurogroupe,4,5gANDcovid
italexit,4,5gANDcovid
francia,4,5gANDcovid
adessodibba,4,5gANDcovid
svizzera,26,5gANDcovid
oms,26,5gANDcovid
cercasicavieumane,27,5gANDcovid
stop5g,27,5gANDcovid
meizu,3,5gANDcovid
android,3,5gANDcovid
smartphone,3,5gANDcovid
flyme8,3,5gANDcovid
meizu17,3,5gANDcovid
smartphones,3,5gANDcovid
techno,3,5gANDcovid
technews,3,5gANDcovid
fotografia,3,5gANDcovid
selfie,3,5gANDcovid
bioterrorism,13,5gANDcovid
guerrabattereologica,13,5gANDcovid
oil,13,5gANDcovid
greggio,13,5gANDcovid
eurasia,13,5gANDcovid
russia,13,5gANDcovid
iran,13,5gANDcovid
daleggere,3,5gANDcovid
fakenews,3,5gANDcovid
governo,27,5gANDcovid
coronavid19,27,5gANDcovid
covidiot,27,5gANDcovid
5gcoronavirus,27,5gANDcovid
covid19italia,27,5gANDcovid
22marzo,27,5gANDcovid
dirittiumani,13,5gANDcovid
lafleacasatua,13,5gANDcovid
coronavirusita,7,5gANDcovid
miwuhan,7,5gANDcovid
matrix,7,5gANDcovid
europa,13,5gANDcovid
amodeo,13,5gANDcovid
quarantena,3,5gANDcovid
cavie,3,5gANDcovid
roma,3,5gANDcovid
resistenzaitaliana2020,3,5gANDcovid
covid_19italia,26,5gANDcovid
globalizzazione,26,5gANDcovid
deglobalizzazione,26,5gANDcovid
epidemia,26,5gANDcovid
economia,26,5gANDcovid
ministerodellasalute,3,5gANDcovid
covidー19,27,5gANDcovid
coronashow,27,5gANDcovid
usacina,7,5gANDcovid
checkout,7,5gANDcovid
amazon,7,5gANDcovid
computervision,7,5gANDcovid
deeplearning,7,5gANDcovid
sensorfusion,7,5gANDcovid
palermo,7,5gANDcovid
eu,26,5gANDcovid
networking,7,5gANDcovid
capacità,7,5gANDcovid
network,7,5gANDcovid
ultrabroadband,7,5gANDcovid
corona,13,5gANDcovid
febbre,13,5gANDcovid
demonescimmia,27,5gANDcovid
sarscov2,27,5gANDcovid
covid2019italia,27,5gANDcovid
coronavirusitalla,27,5gANDcovid
covid19italy,27,5gANDcovid
